<?xml version="1.0" encoding="UTF-8"?>
<project-private xmlns="http://www.netbeans.org/ns/project-private/1">
    <editor-bookmarks xmlns="http://www.netbeans.org/ns/editor-bookmarks/2" lastBookmarkId="0"/>
    <open-files xmlns="http://www.netbeans.org/ns/projectui-open-files/2">
        <group>
            <file>file:/C:/Users/gcifuentes/Desktop/%5BIPC1-PROYECTO2%5D202100054/src/Objetos/Biblioteca.java</file>
            <file>file:/C:/Users/gcifuentes/Desktop/%5BIPC1-PROYECTO2%5D202100054/src/IPC1PROYECTO2202100054/proyecto2.java</file>
            <file>file:/C:/Users/gcifuentes/Desktop/%5BIPC1-PROYECTO2%5D202100054/src/Listas/NodoDoble.java</file>
            <file>file:/C:/Users/gcifuentes/Desktop/%5BIPC1-PROYECTO2%5D202100054/src/Listas/Doble.java</file>
            <file>file:/C:/Users/gcifuentes/Desktop/%5BIPC1-PROYECTO2%5D202100054/src/Listas/imagenes.java</file>
            <file>file:/C:/Users/gcifuentes/Desktop/%5BIPC1-PROYECTO2%5D202100054/src/Listas/Datos.java</file>
            <file>file:/C:/Users/gcifuentes/Desktop/%5BIPC1-PROYECTO2%5D202100054/src/Listas/Linkedlist.java</file>
            <file>file:/C:/Users/gcifuentes/Desktop/%5BIPC1-PROYECTO2%5D202100054/src/Objetos/Menu.java</file>
        </group>
    </open-files>
</project-private>
